{"feats": ["t", "eou_idx", "utt_dur", "slots_missing", "f_final", "f_hesitant", "f_unfinished"], "mean": [2.0228903295347633, 1.0601935214549623, 4.003811739211652, 0.09135259409715948, 0.5544863207870454, 0.09993831737269392, 0.34557536184026066], "std": [1.2799733760675693, 1.0988259886453577, 1.710593090985902, 0.2881098707949002, 0.49702237459507337, 0.29991773887755263, 0.4755554974223996], "t_grid": [0.0, 0.25, 0.5, 0.75, 1.0, 1.25, 1.5, 1.75, 2.0, 2.25, 2.5, 2.75, 3.0, 3.25, 3.5, 3.75, 4.0, 4.25], "w_cap": 4.0, "policy": "twostage", "theta": 0.054651, "w_protect": 1.5, "risk_horizon": 2.5, "grace": 1.0, "c_w": null, "version": "stophead_v3c1_lr", "w": [0.8014442198364166, -0.26725673779803794, -0.04768269386513461, 0.4755345083283386, -0.2505098080832967, 0.22341971012375225, 0.12091426910923707], "b": -4.930131352479567, "selected_from": {"lr": 4146.6, "mlp": 4165.6}, "selection_slice": {"by": "cfg.rev_intensity", "tercile": "bottom", "cut": 0.3309, "n": 534}, "armc": {"pi": 0.06, "q_h": [731, 748], "m_train": [2014, 19312], "theta_base": 0.03, "variant": "v3c1", "formula": "sigmoid(logit(theta)-logit(pi*q_H)+logit(m_train))", "source": "docs/w4v3_design.md \u00a710.2/\u00a711.3"}}