{"feats": ["t", "eou_idx", "utt_dur", "slots_missing", "f_final", "f_hesitant", "f_unfinished"], "mean": [2.014184841780489, 1.0673603418011217, 2.939696481370137, 0.08410758101429355, 0.6166545516875795, 0.24309208124759948, 0.14025336706482094], "std": [1.2879021053578437, 1.103352039714346, 1.2118756359118645, 0.2775490872447325, 0.48620131177329606, 0.4289502550195842, 0.34724970855455833], "t_grid": [0.0, 0.25, 0.5, 0.75, 1.0, 1.25, 1.5, 1.75, 2.0, 2.25, 2.5, 2.75, 3.0, 3.25, 3.5, 3.75, 4.0, 4.25], "w_cap": 4.0, "policy": "twostage", "theta": 0.035921, "w_protect": 1.5, "risk_horizon": 2.5, "grace": 1.0, "c_w": null, "version": "stophead_v2_lr", "w": [0.4832519041034744, -0.2586549236566513, -0.033797778355105036, 0.508685798156103, -0.2974766156300606, 0.10628217663212644, 0.28522343296731917], "b": -4.803746934625331, "selected_from": {"lr": 2713.8, "mlp": 2780.0}, "selection_slice": {"by": "cfg.rev_intensity", "tercile": "bottom", "cut": 0.3174, "n": 534}, "armc": {"pi": 0.15, "q_h": [731, 748], "m_train": [3307, 19288], "theta_base": 0.03, "formula": "sigmoid(logit(theta)-logit(pi*q_H)+logit(m_train))", "source": "docs/w4v3_design.md \u00a710.2"}}