{"version": "stophead_v0", "feats": ["t", "eou_idx", "utt_dur", "gap_prev", "n_prior_ops", "slots_missing", "chain_dep", "k_READ", "k_REV", "k_COMP", "k_IRR", "f_final", "f_hesitant", "f_unfinished", "d_travel", "d_finance", "d_housing", "d_ecommerce"], "mean": [1.3733899082568808, 0.9085321100917432, 3.7419677064827095, 1.5734954744468042, 1.0285993883792048, 0.06609174311926605, 0.20880733944954127, 0.6032844036697248, 0.1710764525993884, 0.1314006116207951, 0.09423853211009174, 0.6576697247706422, 0.23392048929663609, 0.10840978593272171, 0.25372477064220184, 0.2003119266055046, 0.25112538226299697, 0.29483792048929663], "std": [0.9421627103330675, 1.0872828904335694, 1.3011345157009835, 0.6277813454980333, 1.0687792609444482, 0.24844239696731668, 0.40645643609275933, 0.4892160381252963, 0.37657575594412274, 0.33783796543067274, 0.29216028336455263, 0.47448947079064024, 0.42332221059583597, 0.31089725673765994, 0.43514194397289135, 0.4002337550298053, 0.4336604946797505, 0.4559698686661946], "w": [-0.2072026797276364, -0.03144586326046618, -0.004625652566431359, -0.014578213143500864, 0.07563418637990812, 0.5979495802917304, -0.4139068539532341, 0.012738511859195053, -0.0641633399950901, 0.051764795338075174, 0.0015141032043737724, -0.33184599517263413, 0.12530691642719155, 0.3358415923774282, 0.0022489792500100456, -0.047183644317431286, 0.04350159458357533, -0.002103343124238031], "b": -4.049854634907452, "t_grid": [0.0, 0.25, 0.5, 0.75, 1.0, 1.25, 1.5, 1.75, 2.0, 2.25, 2.5, 2.75, 3.0], "c_w": 0.08}