{"version": "stophead_v1", "feats": ["t", "eou_idx", "utt_dur", "gap_prev", "n_prior_ops", "slots_missing", "chain_dep", "k_READ", "k_REV", "k_COMP", "k_IRR", "f_final", "f_hesitant", "f_unfinished", "d_travel", "d_finance", "d_housing", "d_ecommerce"], "mean": [2.003181543289583, 1.2000457658423367, 3.2285377498053456, 1.9171883741493028, 0.9777578006243769, 0.03804449093672872, 0.16983050293391738, 0.6014775829097269, 0.16663670093656527, 0.12876873539170658, 0.10311698076200128, 0.7145420964024779, 0.19139602164070546, 0.09406188195681665, 0.2598061489678168, 0.20983965610238473, 0.26254556153054054, 0.2678086333992579], "std": [1.315789997148101, 1.1788789764026082, 1.3860115561425224, 0.8332333772619432, 1.0466953026634185, 0.19130370525988966, 0.37548382549287423, 0.4895940156557192, 0.37265119191710694, 0.33494379853584894, 0.3041116062242988, 0.4516322495910982, 0.39340003118999517, 0.29191478948369465, 0.43852812216123105, 0.40719402602436927, 0.44001748789297873, 0.4428173091429902], "w": [-0.6803893779685914, -0.7486354472319422, 0.2802286413921839, 0.10283853024395392, 0.5712009176299142, 0.49050123314331956, -0.5504398101302767, 0.015370399879643316, -0.06323112166418485, 0.06256698196531328, -0.016173422673165235, -0.31615782115309604, 0.1391773182875219, 0.30157672652916306, -0.015959425249646105, 0.0011013107897449137, 0.04875686120868064, -0.03365645756782387], "b": -5.055656330580877, "t_grid": [0.0, 0.25, 0.5, 0.75, 1.0, 1.25, 1.5, 1.75, 2.0, 2.25, 2.5, 2.75, 3.0, 3.25, 3.5, 3.75, 4.0, 4.25], "w_cap": 4.0, "c_w": 0.002}