{
  "wav": "exp/exp-1/test/test-000001.wav",
  "llm_sleep_s": 0.8,
  "runs": 2,
  "legacy": [
    {
      "n": 1689,
      "p50_ms": 16.305,
      "p95_ms": 16.433,
      "p99_ms": 16.542,
      "max_ms": 2418.716,
      "gaps_over_100ms": 2,
      "gaps_over_500ms": 2,
      "total_stall_ms": 3998.3
    },
    {
      "n": 1689,
      "p50_ms": 16.309,
      "p95_ms": 16.406,
      "p99_ms": 16.458,
      "max_ms": 2417.408,
      "gaps_over_100ms": 2,
      "gaps_over_500ms": 2,
      "total_stall_ms": 3996.5
    }
  ],
  "actor": [
    {
      "n": 1689,
      "p50_ms": 16.445,
      "p95_ms": 16.549,
      "p99_ms": 16.601,
      "max_ms": 18.709,
      "gaps_over_100ms": 0,
      "gaps_over_500ms": 0,
      "total_stall_ms": 0
    },
    {
      "n": 1689,
      "p50_ms": 16.262,
      "p95_ms": 16.548,
      "p99_ms": 51.675,
      "max_ms": 70.827,
      "gaps_over_100ms": 0,
      "gaps_over_500ms": 0,
      "total_stall_ms": 0
    }
  ],
  "actor_frame_lag": [
    {
      "n": 1690,
      "p50_ms": 0.14352239668369293,
      "p95_ms": 0.14813430607318878,
      "p99_ms": 0.15090592205524445,
      "max_ms": 0.1987498253583908,
      "max_queue_depth": 0
    },
    {
      "n": 1690,
      "p50_ms": 0.13916194438934326,
      "p95_ms": 0.14737434685230255,
      "p99_ms": 0.48521533608436584,
      "max_ms": 0.605754554271698,
      "max_queue_depth": 3
    }
  ]
}